train_f_csr4001b.mat.jpg,271,58,257,65,252,84,255,93,258,98,259,109,231,123,219,146,209,175,184,231,177,245,187,254,192,235,225,182,234,162,239,186,235,220,234,268,243,315,244,330,252,401,251,411,241,424,257,425,263,422,263,401,266,334,269,319,272,273,275,317,278,332,280,399,277,420,287,424,303,424,292,413,292,400,300,327,300,315,310,269,309,222,305,188,310,161,321,182,352,233,358,254,367,246,360,229,336,173,324,141,314,123,285,109,285,98,289,92,291,84,288,66
train_f_csr4002b.mat.jpg,271,55,257,62,252,81,255,90,258,96,259,106,231,122,219,145,209,173,185,229,178,243,187,252,193,234,225,181,234,160,239,184,234,218,233,267,245,314,246,329,257,400,257,411,247,424,263,424,269,421,268,399,269,332,271,317,272,272,272,315,274,331,275,398,271,420,280,424,297,424,286,413,287,399,297,327,298,315,310,268,309,221,305,186,311,159,322,180,352,231,358,252,367,244,360,226,336,171,325,138,314,121,286,107,286,96,289,89,291,82,288,64
train_f_csr4003b.mat.jpg,271,53,257,60,252,79,255,89,258,94,259,105,231,120,219,144,210,173,184,227,176,241,185,250,191,232,226,180,235,158,240,182,232,216,231,266,241,313,242,329,249,401,248,412,238,424,254,425,261,423,261,401,266,334,269,318,272,271,275,316,278,332,282,400,279,421,290,425,306,424,295,413,294,400,302,326,302,314,313,267,312,218,305,184,310,157,320,179,352,230,358,251,367,243,360,225,335,170,324,137,314,119,285,105,285,94,288,87,290,80,287,62
train_f_csr4004b.mat.jpg,271,71,258,77,254,96,256,104,259,109,260,120,233,135,221,157,212,185,187,237,180,250,189,260,195,242,227,192,237,171,242,194,235,226,233,273,242,319,243,334,250,403,249,413,239,424,254,425,260,423,260,403,265,338,268,324,272,278,276,322,279,337,283,401,280,422,290,425,306,424,294,414,294,402,301,331,301,320,310,274,308,229,302,196,308,169,319,191,349,240,355,260,364,252,357,235,333,183,322,151,312,134,284,121,285,110,288,104,290,96,287,79
train_f_csr4005b.mat.jpg,271,51,257,58,252,77,255,87,258,92,259,103,231,118,219,141,209,171,184,228,177,242,186,251,191,232,224,178,235,156,240,181,235,215,233,265,244,312,245,328,254,400,254,411,244,424,260,424,266,421,266,400,267,332,269,317,272,269,274,314,277,330,278,398,274,420,283,424,300,424,289,413,289,399,299,325,300,313,310,265,309,218,304,183,310,154,322,177,353,230,358,251,367,243,361,225,337,168,325,135,315,117,285,103,285,92,289,85,291,78,288,60
train_f_csr4006b.mat.jpg,271,68,258,75,254,93,256,102,259,107,260,118,233,132,222,155,212,183,188,237,181,250,190,259,195,242,226,189,237,168,242,192,237,225,234,271,242,317,242,333,247,402,246,412,237,424,251,425,257,423,257,402,262,337,266,323,273,277,278,321,281,336,286,401,283,422,292,425,308,424,297,414,296,401,302,330,302,318,309,272,307,227,302,193,308,166,319,188,349,239,354,260,363,252,356,235,333,181,322,149,312,132,285,118,285,108,288,101,290,94,287,76
train_f_csr4007b.mat.jpg,271,81,259,88,254,105,257,114,260,119,261,130,235,144,224,165,214,192,191,243,184,256,193,264,198,247,228,198,239,177,244,201,238,231,236,277,244,321,245,336,250,403,249,412,240,424,254,424,260,422,260,403,265,340,268,326,272,282,275,324,278,338,282,401,280,421,288,425,304,424,293,414,293,402,299,333,299,322,308,277,306,234,300,202,306,176,317,197,346,245,352,264,360,257,353,240,330,190,319,159,310,143,284,130,284,120,287,114,289,106,287,90
train_f_csr4008b.mat.jpg,267,89,256,95,254,111,257,120,259,125,261,136,234,151,223,172,214,199,193,246,187,258,195,265,199,249,228,204,237,183,245,205,238,236,235,281,242,324,243,338,248,402,248,412,238,424,252,423,258,421,260,402,266,343,268,329,272,286,276,328,278,342,285,401,283,420,291,425,306,424,297,414,297,402,301,336,301,325,310,282,306,238,300,206,306,182,318,204,346,248,351,265,359,260,354,244,331,196,320,167,311,151,284,136,283,125,285,119,287,111,283,96
train_f_csr4009b.mat.jpg,267,74,256,80,253,98,256,107,259,112,261,123,233,136,222,160,212,187,189,239,182,251,191,259,197,243,226,193,238,171,244,197,237,229,234,275,243,319,243,334,250,402,250,412,240,424,255,424,261,422,261,401,264,339,267,324,273,279,277,322,280,337,283,400,280,421,289,425,304,424,294,413,294,402,300,332,301,321,309,276,307,231,301,198,307,169,319,192,349,241,354,260,363,253,357,237,333,186,323,154,313,136,285,122,284,112,287,106,288,98,284,82
train_f_csr4010b.mat.jpg,271,92,259,97,255,114,258,123,260,128,261,139,236,154,224,174,216,200,193,247,187,259,195,267,200,251,229,205,239,185,244,208,239,239,235,282,243,325,243,339,249,402,249,412,238,425,252,423,258,421,260,403,265,343,267,330,272,288,277,328,280,342,284,401,282,420,290,425,305,424,295,414,296,402,301,336,301,326,307,283,304,241,300,209,305,184,315,205,344,249,350,267,358,260,352,245,328,199,319,169,309,154,283,140,283,128,286,122,288,115,285,99
train_f_csr4011b.mat.jpg,269,64,256,71,252,89,255,98,258,103,259,114,232,128,219,151,211,180,185,233,179,247,189,256,194,238,226,186,235,166,239,190,237,224,234,270,243,316,244,331,252,402,252,412,242,424,257,425,264,422,263,401,265,335,268,321,272,276,276,319,279,334,280,400,276,421,286,424,303,424,291,413,291,401,299,329,300,317,308,271,306,226,304,192,310,164,323,185,351,236,356,257,366,249,360,231,336,177,325,145,314,128,286,114,285,104,288,97,290,90,286,72
train_f_csr4012b.mat.jpg,270,76,258,82,254,99,257,108,260,113,261,124,234,140,222,162,214,190,190,239,183,252,191,260,197,243,228,195,238,173,244,197,236,229,234,277,245,321,246,336,255,402,255,412,246,425,259,423,265,421,266,402,268,340,270,326,272,280,273,323,275,338,278,400,275,419,283,425,298,424,288,413,289,401,297,333,298,322,310,278,308,232,300,198,306,171,316,195,348,241,354,260,362,253,355,237,330,188,321,157,312,140,284,125,283,114,286,107,288,100,285,84
train_f_csr4013b.mat.jpg,270,64,256,71,253,90,256,99,259,104,260,116,232,131,221,154,210,181,187,234,181,247,189,256,195,238,226,188,237,166,244,191,237,225,233,273,245,318,247,333,257,401,257,411,248,425,263,423,269,421,269,400,270,336,272,322,272,276,272,319,273,334,276,398,272,419,280,424,297,424,286,413,287,400,297,330,298,319,311,274,307,227,301,193,307,164,319,187,350,236,356,256,365,249,358,232,334,180,322,148,312,131,284,116,284,105,287,98,289,91,286,73
train_f_csr4014b.mat.jpg,271,68,258,75,254,93,257,102,260,107,260,118,233,133,221,156,212,184,188,236,181,249,190,258,195,240,226,189,237,167,243,193,236,226,233,273,242,319,242,334,247,402,246,412,236,424,251,425,257,423,258,402,264,339,267,325,272,279,276,322,279,337,285,401,283,421,292,425,308,424,296,414,296,402,302,331,302,320,311,273,308,228,301,194,307,166,319,189,350,238,356,258,364,250,357,234,333,182,322,150,312,133,284,119,284,108,287,101,289,94,287,77
train_f_csr4015b.mat.jpg,268,73,257,80,254,99,257,108,260,114,261,125,233,139,222,162,213,189,190,240,183,253,191,261,197,245,227,194,237,172,246,197,237,230,235,275,242,320,242,335,247,402,247,412,237,424,252,424,258,421,258,401,263,339,266,325,272,281,278,323,281,338,286,400,283,421,291,425,307,424,297,414,296,401,302,332,302,321,309,276,306,232,301,199,308,172,319,194,348,241,353,261,362,254,356,238,332,187,322,156,313,138,285,125,284,114,287,107,288,100,284,82
train_f_csr4016b.mat.jpg,267,61,255,68,252,87,256,96,259,102,261,113,234,128,221,150,210,178,187,233,180,247,188,255,193,237,223,184,237,163,243,189,235,222,233,270,242,316,242,332,247,402,246,412,236,424,251,425,257,423,258,402,263,337,266,322,273,275,278,320,281,335,286,400,283,421,292,425,308,424,297,414,297,401,302,329,302,318,312,271,310,224,302,191,308,161,321,184,352,235,357,256,366,248,359,230,335,177,323,145,313,128,285,113,284,102,287,96,288,88,284,70
train_f_csr4017b.mat.jpg,270,71,258,77,254,95,256,104,259,109,260,120,233,136,221,157,212,185,188,236,181,249,190,258,195,241,227,192,237,171,243,193,235,226,233,275,244,320,245,334,254,401,254,411,245,425,259,423,265,421,266,401,269,338,271,324,273,279,273,321,275,336,278,399,274,419,283,424,299,424,289,413,289,401,298,331,299,320,311,275,309,229,303,195,308,169,317,191,349,238,355,259,364,251,357,234,332,183,323,151,313,134,285,120,284,110,287,103,289,96,286,79
train_f_csr4018b.mat.jpg,268,64,255,71,252,90,254,99,257,104,260,115,232,129,218,150,210,179,185,233,179,247,189,256,195,238,225,187,235,168,239,190,234,223,234,270,241,316,241,331,250,401,250,411,239,424,255,424,261,421,262,400,264,335,267,321,272,276,277,318,281,334,283,399,279,420,289,425,306,424,295,413,294,400,304,328,303,317,309,271,309,226,304,192,311,166,321,186,350,237,356,257,366,249,359,231,336,177,326,144,315,128,286,115,286,105,289,98,290,90,285,72
train_f_csr4019b.mat.jpg,267,54,253,63,250,84,253,93,256,98,259,108,230,121,218,144,208,172,182,228,177,242,188,252,193,234,224,181,234,164,238,184,235,218,234,266,247,312,247,328,256,399,255,409,247,422,263,422,270,419,268,398,270,331,272,316,272,271,273,314,275,330,277,398,272,419,281,424,298,424,289,413,289,399,297,325,297,313,309,267,309,221,307,186,312,162,321,181,352,232,357,254,368,245,361,226,337,170,327,137,316,120,286,108,286,98,289,91,291,83,286,64
train_f_csr4020b.mat.jpg,271,76,258,83,254,101,256,109,259,114,260,125,234,140,221,161,213,189,189,239,183,253,191,261,196,244,227,195,237,175,242,198,236,230,234,275,242,320,242,335,247,403,247,412,237,424,252,424,258,422,259,402,265,340,267,325,272,281,277,323,280,338,285,401,283,420,292,425,307,424,297,413,297,401,301,332,301,321,309,276,308,232,302,199,308,174,319,194,348,242,354,261,362,254,356,237,333,187,322,156,312,140,285,126,284,115,287,109,289,101,286,85
train_f_csr4021b.mat.jpg,266,42,252,52,250,73,253,83,256,89,259,99,229,114,218,138,208,168,182,224,175,238,185,248,191,229,225,176,234,154,238,179,233,213,232,263,243,310,244,327,254,400,253,411,243,424,259,424,266,422,266,399,269,330,271,315,272,268,273,313,276,329,279,398,275,420,284,424,301,424,290,412,290,399,299,324,300,311,311,264,311,216,307,181,312,153,322,175,355,227,360,250,370,241,364,222,339,165,327,131,317,112,287,99,287,89,289,82,290,74,286,54
train_f_csr4022b.mat.jpg,270,104,260,109,256,124,259,133,261,137,262,148,239,163,226,182,216,207,196,253,190,265,198,272,201,257,228,212,240,194,245,215,241,245,238,287,246,329,246,342,252,404,251,413,243,425,255,424,261,422,261,404,265,346,267,333,272,292,276,331,279,345,283,402,280,420,288,425,302,425,292,414,292,403,297,340,298,329,305,288,303,247,299,216,305,193,316,211,343,254,348,271,355,266,349,251,328,205,318,177,309,163,284,148,282,138,285,132,287,125,284,110
train_f_csr4023b.mat.jpg,269,81,258,87,254,105,256,114,259,119,260,130,233,144,223,166,214,193,192,242,185,255,193,263,199,247,229,199,236,178,243,201,238,233,234,278,242,323,243,337,253,402,253,412,243,424,257,423,264,421,265,402,268,340,270,327,272,283,274,324,276,339,280,400,277,419,286,425,301,424,291,413,292,401,300,334,301,323,309,279,307,235,301,202,306,179,315,200,346,245,353,263,361,256,353,240,331,192,321,161,313,143,285,129,284,119,287,112,288,105,284,88
train_f_csr4024b.mat.jpg,268,99,258,104,255,120,258,129,261,133,262,144,237,159,226,180,218,205,196,251,190,263,197,270,201,254,230,209,240,190,246,212,241,242,237,286,246,328,246,341,251,404,251,413,242,425,255,424,260,422,261,404,266,345,268,332,273,291,276,330,278,344,283,402,280,420,288,425,302,425,292,414,292,403,297,339,298,329,307,287,304,244,299,213,305,188,315,208,344,253,349,271,356,264,350,249,328,203,318,174,309,159,284,144,282,134,285,127,286,120,282,105
train_f_csr4025b.mat.jpg,272,75,259,82,254,99,256,108,259,113,260,124,233,138,221,160,213,188,189,239,182,252,192,260,196,243,227,194,235,176,240,197,238,230,236,276,246,320,247,334,257,401,257,411,248,425,263,423,269,420,268,400,269,337,271,324,272,280,273,321,275,336,276,399,272,419,280,424,296,424,286,412,287,400,296,332,297,320,307,276,305,232,303,198,308,174,318,194,348,241,354,261,363,253,356,236,332,186,323,154,313,138,285,124,285,114,288,107,290,100,287,83
train_f_csr4026b.mat.jpg,269,33,254,42,250,64,253,73,256,79,258,89,229,104,217,129,206,160,178,219,171,234,181,244,187,224,222,167,234,145,238,171,232,206,231,257,241,306,242,323,250,400,249,410,239,424,256,425,263,422,262,399,265,328,268,312,272,263,275,310,279,326,280,398,276,421,287,424,305,423,293,412,293,399,301,321,302,308,312,259,310,211,308,174,314,141,323,166,356,222,363,246,373,236,365,216,339,156,329,121,318,102,287,89,287,79,290,72,292,63,288,44
train_f_csr4027b.mat.jpg,268,49,255,57,251,77,253,86,256,92,258,102,230,116,219,140,208,169,182,226,175,240,186,250,191,230,223,177,234,155,238,181,235,215,232,265,244,312,245,327,257,400,257,410,246,424,263,424,270,421,268,399,268,331,271,315,272,269,273,314,276,329,275,397,270,419,281,424,298,424,286,412,286,399,298,325,299,313,310,266,308,219,306,183,313,154,326,177,354,228,358,251,369,243,364,223,339,166,326,133,316,114,287,102,286,92,289,85,290,77,286,59
train_f_csr4028b.mat.jpg,266,54,254,62,252,81,255,91,258,97,260,108,230,120,222,146,211,175,186,230,178,243,187,252,193,234,226,181,238,157,243,185,235,218,233,267,242,314,242,330,250,401,249,411,239,423,254,425,261,422,262,400,264,334,267,320,273,272,277,318,280,333,283,399,280,421,290,425,306,424,295,413,295,400,302,327,301,316,311,268,310,221,302,186,307,154,320,181,352,232,359,253,367,245,360,228,334,174,322,141,315,121,284,108,284,98,287,91,289,82,284,64
train_f_csr4029b.mat.jpg,268,76,256,83,253,101,256,110,260,115,261,126,233,139,221,161,211,188,188,240,183,253,192,261,196,244,226,194,235,173,241,198,237,230,236,277,246,322,248,336,258,402,258,412,248,425,263,424,269,421,270,401,270,339,271,325,273,280,272,322,274,337,276,400,272,420,280,424,296,424,286,413,287,401,296,333,297,322,308,278,308,232,302,199,308,173,320,195,348,243,354,261,363,255,357,238,334,187,323,156,313,140,285,126,284,115,286,109,288,101,284,84
train_f_csr4030b.mat.jpg,271,79,258,86,255,104,258,113,260,118,261,130,235,144,223,166,214,193,191,243,185,255,193,263,197,247,227,197,239,175,245,202,239,234,236,278,243,323,243,337,248,403,248,412,238,424,252,424,258,422,259,403,263,342,266,328,273,284,278,326,281,340,285,401,283,421,291,425,306,424,296,414,295,402,300,334,300,323,308,279,304,235,298,203,306,175,320,197,348,245,352,263,360,257,354,241,332,191,321,161,311,144,284,130,283,119,286,112,288,105,285,88
train_f_csr4031b.mat.jpg,269,69,257,75,253,93,255,102,258,107,260,117,233,133,221,154,211,182,187,234,180,248,190,257,195,239,228,191,236,170,241,191,232,223,231,273,242,318,243,333,251,401,252,411,242,424,257,424,263,421,264,401,268,337,271,323,272,277,273,320,276,335,279,399,277,419,286,425,302,424,291,413,293,400,301,330,302,319,312,273,312,226,304,193,308,169,317,190,350,237,356,258,365,250,359,232,334,179,323,149,313,132,285,117,284,107,287,100,289,93,284,76
train_f_csr4032b.mat.jpg,270,42,256,51,251,71,254,81,257,86,258,96,229,111,218,135,208,165,182,224,174,238,183,248,189,228,223,173,232,152,237,178,234,213,232,261,241,309,241,326,248,400,247,411,237,423,254,425,261,423,260,400,263,330,266,315,273,267,278,313,281,328,283,398,279,422,290,424,308,423,295,413,295,399,303,323,303,310,311,262,309,215,307,179,312,151,324,172,355,227,361,250,371,240,363,220,338,162,325,129,315,112,286,97,287,87,290,80,292,72,289,53
train_f_csr4033b.mat.jpg,269,73,257,80,254,97,257,106,259,111,261,122,234,137,222,160,214,187,190,238,183,251,191,259,196,242,227,192,238,171,243,196,237,228,235,275,244,319,245,334,252,402,252,412,243,424,257,424,263,422,263,402,266,338,268,324,273,279,275,322,278,337,280,400,277,420,286,425,301,424,291,414,291,401,298,332,299,320,309,276,307,230,301,198,307,170,319,192,349,240,354,260,363,253,356,236,332,185,321,154,311,138,285,123,284,112,287,106,288,98,284,81
train_f_csr4034b.mat.jpg,271,58,258,65,253,83,256,93,258,98,260,109,231,123,219,147,209,175,185,230,178,244,187,254,193,235,225,183,235,161,240,186,234,220,232,268,241,315,241,330,246,401,245,412,236,424,251,425,257,422,258,401,264,335,267,320,272,274,277,318,280,333,285,400,283,421,292,425,309,424,298,413,297,400,303,327,303,315,312,268,310,221,304,187,309,160,319,183,352,233,358,254,367,245,360,228,334,174,324,141,314,124,285,109,285,99,289,92,291,84,288,67
train_f_csr4035b.mat.jpg,267,33,253,42,250,64,253,74,256,79,258,90,227,103,215,128,205,159,179,217,171,233,183,243,189,223,223,168,231,146,235,171,231,206,230,258,243,307,245,324,257,399,256,410,245,423,263,424,270,421,270,397,269,327,272,312,272,263,272,309,275,325,275,396,270,420,282,424,300,424,288,412,288,398,300,321,300,308,313,259,312,210,308,174,314,145,323,168,356,222,362,245,373,236,366,215,340,156,328,121,318,103,287,90,287,80,290,73,291,65,287,44
train_f_csr4036b.mat.jpg,270,65,257,72,253,90,255,99,257,104,259,114,231,128,220,151,210,179,186,233,179,247,189,256,194,238,226,187,234,168,238,190,235,223,234,270,242,316,243,331,252,401,252,411,242,424,257,424,264,421,264,401,264,335,268,321,272,275,276,318,279,333,280,399,277,421,286,424,303,424,292,413,292,400,300,329,301,317,309,271,308,225,304,191,310,166,321,186,351,236,356,257,366,249,359,231,335,177,324,145,314,128,286,114,286,105,289,98,290,90,286,73
train_f_csr4037b.mat.jpg,268,82,256,88,254,106,257,115,260,120,261,131,235,147,223,168,213,194,191,243,185,255,193,263,198,248,227,200,238,180,243,203,237,233,234,279,242,322,242,337,248,403,248,412,238,424,252,424,258,421,259,402,264,341,267,327,273,284,276,325,279,340,285,401,283,420,291,425,306,424,296,414,296,402,301,334,301,323,309,279,307,235,301,203,307,178,319,200,347,246,352,264,361,257,355,242,332,193,320,163,311,147,285,131,284,121,287,114,288,106,284,90
train_f_csr4038b.mat.jpg,269,81,258,87,254,105,257,113,260,118,261,129,235,144,224,166,214,193,192,244,186,256,192,263,198,247,227,197,239,175,245,202,239,232,237,278,245,321,246,336,254,403,253,412,244,424,258,423,263,421,262,402,264,340,266,326,273,281,278,324,281,339,282,400,278,420,286,425,301,424,291,414,291,402,299,334,299,323,307,279,306,235,299,203,305,174,319,197,347,245,353,263,360,256,353,241,331,191,319,162,311,145,284,129,283,119,286,113,288,106,285,89
train_f_csr4039b.mat.jpg,273,44,257,52,252,72,254,82,257,87,259,98,230,113,218,137,208,167,181,224,174,238,184,248,190,229,224,174,234,151,239,178,233,213,232,263,243,310,244,326,254,400,254,411,243,424,260,425,267,422,266,399,266,330,269,315,272,267,275,313,278,329,278,398,273,420,284,424,302,424,290,412,290,399,300,324,300,311,310,264,309,215,305,180,311,149,322,173,355,227,360,249,370,240,363,221,338,164,325,131,316,112,286,98,286,88,290,81,293,73,290,54
train_f_csr4040b.mat.jpg,268,66,256,73,253,91,256,100,260,105,261,116,233,130,221,153,211,181,187,235,181,248,189,256,194,238,225,187,238,165,244,191,235,224,233,273,245,318,246,333,254,401,254,411,246,425,260,423,266,420,265,400,268,337,270,321,273,276,274,320,277,335,279,398,275,418,284,424,299,424,289,413,290,400,299,330,299,319,311,273,309,226,301,192,307,164,319,187,350,237,356,257,365,249,358,232,333,180,322,148,312,131,284,117,284,106,287,99,288,92,284,74
train_f_csr4041b.mat.jpg,266,87,255,94,254,111,257,120,260,125,261,136,236,151,224,171,215,197,193,246,187,258,195,266,199,250,228,202,239,182,245,206,240,237,237,281,245,324,245,339,250,403,250,412,241,425,255,424,261,421,261,403,265,343,267,329,273,287,276,327,278,341,283,401,280,420,288,425,303,424,294,414,293,402,299,336,299,325,308,282,305,239,299,207,306,181,317,202,346,248,351,266,359,260,352,244,330,196,319,166,310,150,284,136,283,126,286,119,287,112,283,95
train_f_csr4042b.mat.jpg,271,63,258,70,253,88,256,97,258,102,260,113,233,127,220,150,209,178,185,233,179,247,188,256,192,237,223,184,235,163,239,190,237,223,236,269,243,316,243,331,250,402,249,412,239,424,254,425,260,422,260,401,263,335,265,321,273,275,279,318,281,334,283,400,280,421,289,425,305,424,294,413,293,401,300,329,301,317,309,270,307,224,303,191,309,163,323,184,352,236,356,256,366,248,359,231,336,176,323,145,313,128,285,114,285,103,288,97,290,89,287,72
train_f_csr4043b.mat.jpg,271,64,258,71,254,89,256,98,259,103,260,114,232,129,220,152,211,181,187,233,180,247,189,256,194,238,226,187,236,166,242,190,235,223,233,272,244,318,246,332,255,402,255,412,245,425,260,425,266,422,266,401,269,336,271,322,272,275,273,319,275,334,277,400,274,421,283,424,300,424,288,413,289,401,298,330,299,318,311,272,309,225,302,191,308,164,318,187,350,235,357,256,365,248,358,231,332,179,323,147,313,129,285,115,285,104,288,97,290,90,287,73
train_f_csr4044b.mat.jpg,267,36,253,46,250,67,253,77,256,82,258,92,228,107,218,131,207,162,181,220,173,235,183,245,189,226,224,171,232,150,236,174,231,208,232,260,245,308,246,325,256,400,255,410,246,423,262,424,269,422,269,399,271,328,273,313,272,264,271,310,274,327,275,397,271,420,281,424,299,424,287,412,288,398,298,321,299,309,312,260,314,211,308,175,312,149,322,171,356,224,362,248,372,238,364,218,338,159,325,125,316,107,287,93,287,83,290,76,292,68,287,48
train_f_csr4045b.mat.jpg,271,50,257,57,252,77,255,86,258,92,259,103,232,119,218,140,207,169,182,226,175,240,185,250,191,231,223,178,233,157,237,181,231,214,231,265,243,313,244,328,254,400,254,411,244,424,260,424,267,421,266,399,267,332,270,317,272,269,274,313,277,330,278,398,274,419,284,424,301,424,290,413,290,399,301,325,301,313,313,266,312,217,306,182,311,157,322,178,354,229,359,251,369,242,362,223,337,167,324,135,313,119,285,103,286,92,289,85,292,77,288,59
train_f_csr4046b.mat.jpg,271,58,257,66,252,85,255,94,257,99,259,109,232,125,219,146,208,174,184,230,177,245,187,254,193,236,225,183,233,165,237,186,234,220,233,267,240,314,241,330,246,401,245,411,235,424,251,424,258,422,258,401,263,334,266,320,272,274,277,317,281,333,285,399,283,421,292,425,310,424,298,413,297,399,303,327,303,314,310,267,309,222,306,188,311,163,321,183,352,233,358,255,367,246,360,228,336,172,323,141,313,125,286,110,286,100,290,93,291,85,288,67
train_f_csr4047b.mat.jpg,270,65,258,72,253,90,255,100,258,104,259,115,232,129,220,151,211,180,186,233,179,247,189,256,194,238,226,187,234,167,239,190,236,224,235,271,244,317,246,332,255,401,254,411,245,424,260,424,267,421,266,400,267,335,270,321,272,276,274,318,277,334,278,399,274,420,283,424,300,424,290,413,290,400,298,329,299,317,309,271,308,226,304,192,310,166,320,187,351,236,356,257,365,249,359,231,334,178,322,146,313,130,286,116,286,105,289,99,290,91,287,74
train_f_csr4048b.mat.jpg,267,47,253,55,250,76,254,86,257,91,260,102,229,115,218,140,209,170,184,226,176,240,186,250,193,230,225,177,233,157,238,181,233,215,231,264,244,311,245,327,252,400,251,411,241,424,257,424,264,422,263,399,267,331,269,315,271,269,275,314,278,330,282,398,278,421,287,425,305,424,294,413,293,399,300,324,301,312,311,265,310,218,305,183,312,156,323,177,354,228,360,251,370,242,363,223,337,167,327,134,316,115,286,102,286,92,289,85,291,77,286,57
train_f_csr4049b.mat.jpg,267,86,256,91,253,108,256,117,259,122,260,132,234,148,222,168,216,195,192,242,185,255,193,264,199,247,230,203,237,185,242,200,234,231,233,279,246,322,248,336,257,400,258,411,249,425,264,422,270,419,269,399,272,338,274,324,270,284,271,323,272,338,276,399,272,418,280,424,295,424,286,413,287,400,297,333,298,322,310,279,310,234,303,202,308,180,316,199,347,246,352,265,361,258,355,241,331,191,322,161,311,146,284,132,284,122,286,115,287,108,282,92
train_f_csr4050b.mat.jpg,267,60,255,67,251,86,254,95,257,100,260,111,232,126,220,148,210,176,186,231,179,245,188,254,194,236,225,184,235,165,240,188,235,221,234,270,244,315,245,331,257,400,257,410,248,424,264,423,270,420,270,399,268,333,270,319,273,272,274,316,277,332,277,397,272,419,281,424,297,424,288,412,288,399,299,328,299,316,310,270,310,223,304,189,310,163,321,184,351,235,357,256,366,247,359,229,336,175,323,143,314,126,285,112,285,101,287,94,289,86,284,68
train_f_csr4051b.mat.jpg,263,25,250,35,248,57,252,67,255,72,258,82,226,96,216,122,206,153,178,213,169,229,181,241,187,219,225,164,231,140,233,166,229,202,230,255,242,305,243,321,252,398,252,409,242,423,259,424,267,421,267,397,270,325,273,310,273,260,272,306,275,323,277,396,274,420,285,424,304,424,292,411,292,397,302,318,303,305,314,254,315,204,308,166,313,139,321,164,357,218,365,243,376,233,367,212,339,151,327,116,318,96,287,82,288,73,291,66,292,58,287,37
train_f_csr4052b.mat.jpg,271,70,258,77,253,96,255,104,257,109,259,119,233,135,220,155,211,183,187,235,180,250,190,259,195,241,227,191,234,173,238,193,236,226,234,272,242,317,243,332,249,401,249,411,239,424,254,424,261,421,261,401,266,336,269,323,272,279,275,320,278,335,282,399,280,420,289,425,306,424,295,413,295,400,301,329,301,318,309,272,308,228,306,194,310,173,318,191,350,238,355,259,365,251,358,233,334,180,322,150,312,135,286,120,286,110,289,103,290,96,287,78
train_f_csr4053b.mat.jpg,271,58,257,65,253,85,255,94,258,99,259,110,232,125,219,147,209,176,184,230,178,245,187,254,193,236,225,182,235,162,240,187,237,221,234,268,244,315,245,330,254,401,254,411,244,424,260,424,266,422,266,400,267,334,269,319,272,274,274,317,277,332,278,399,274,420,283,424,300,424,289,413,289,400,298,327,299,315,309,269,307,223,304,189,310,160,322,182,352,233,357,254,367,246,360,228,336,173,324,141,314,125,286,111,286,100,289,93,291,85,287,67
train_f_csr4054b.mat.jpg,271,66,258,73,253,91,256,100,258,105,260,116,232,131,220,153,212,182,187,234,180,248,189,256,194,239,226,188,235,167,240,192,237,225,235,272,244,317,246,332,255,402,255,412,245,424,260,425,266,422,266,401,267,336,269,321,272,276,275,319,277,334,278,399,274,421,283,424,299,424,288,413,288,401,298,330,299,318,309,273,307,226,303,193,309,165,321,187,350,237,355,257,365,249,358,232,334,179,323,147,313,131,285,117,285,106,288,99,290,92,287,75
train_f_csr4055b.mat.jpg,271,71,258,77,254,94,257,104,260,109,261,120,233,135,221,157,212,185,189,236,182,249,191,258,196,241,227,192,237,171,243,194,235,227,231,274,241,319,242,334,247,402,247,412,237,425,251,425,257,422,259,402,266,339,269,325,272,280,275,323,278,337,285,401,283,421,292,425,308,424,297,413,297,401,302,331,302,320,312,275,309,229,301,196,307,169,317,191,349,238,355,258,364,251,357,234,332,183,323,151,313,135,284,120,284,110,287,103,289,95,286,79
train_f_csr4056b.mat.jpg,272,48,258,55,252,75,254,84,256,89,258,100,229,115,217,138,207,167,182,224,174,239,185,249,191,230,224,177,232,157,237,180,232,214,231,264,243,311,244,327,256,400,256,411,246,424,263,424,270,421,269,399,269,330,272,315,272,267,272,312,275,329,274,397,270,420,281,424,298,424,287,412,288,399,299,324,300,312,312,265,311,216,307,182,312,156,322,176,354,227,359,250,370,241,364,221,338,165,327,132,317,114,286,100,287,90,290,83,292,75,289,57
train_f_csr4057b.mat.jpg,272,47,257,56,252,77,254,87,257,92,258,102,230,116,217,139,207,168,181,225,174,240,186,250,192,231,225,178,233,157,237,180,232,214,232,264,243,311,245,327,253,401,253,411,243,424,260,424,266,421,266,399,268,330,271,315,271,268,271,314,276,330,280,398,276,421,284,424,302,424,292,412,292,399,299,325,299,312,311,265,311,217,306,183,311,156,321,177,353,228,359,251,369,242,363,222,338,166,325,134,314,118,286,102,286,93,290,86,292,77,290,58
train_f_csr4058b.mat.jpg,269,69,256,76,252,95,255,104,258,109,259,120,232,133,219,155,210,183,186,236,180,250,191,258,195,240,225,190,236,171,241,195,237,227,236,274,246,318,247,334,258,402,257,411,248,424,263,424,270,421,269,400,268,336,270,322,272,278,274,320,276,335,275,399,271,420,280,424,297,424,287,413,287,401,297,331,298,319,308,274,307,229,303,196,309,169,321,190,350,239,355,259,364,251,358,234,335,182,324,150,314,134,286,119,285,110,288,103,290,96,286,78
train_f_csr4059b.mat.jpg,271,75,257,83,254,101,257,110,259,115,260,125,235,141,222,162,212,189,190,241,183,254,191,261,196,245,226,194,238,174,243,200,240,231,237,276,243,321,244,336,251,403,250,412,240,424,255,424,261,422,261,402,262,340,265,326,273,281,279,323,282,338,283,400,280,421,288,425,304,424,293,414,293,402,300,333,300,322,307,277,304,233,302,201,307,172,319,194,348,243,353,262,362,254,355,238,332,188,321,157,311,141,285,126,284,116,288,109,290,102,288,85
train_f_csr4060b.mat.jpg,271,77,259,83,254,101,256,110,259,115,260,126,234,141,221,162,212,189,189,239,182,253,192,261,196,245,227,196,237,177,241,199,237,231,234,275,242,320,243,335,248,402,247,412,237,424,251,424,258,422,258,402,264,340,267,326,272,282,276,324,280,338,285,401,282,421,291,425,307,424,296,414,296,401,301,332,301,321,308,276,306,233,303,200,308,175,319,195,348,242,353,262,362,254,356,237,333,186,321,156,311,141,285,126,284,116,287,109,289,102,286,85
train_f_csr4061b.mat.jpg,268,43,254,52,251,73,254,82,257,87,259,98,229,111,218,137,208,167,182,224,175,239,184,248,190,229,222,173,233,150,239,179,235,213,234,263,245,310,246,326,257,400,257,411,247,424,263,424,270,421,268,399,268,330,270,314,273,266,274,312,277,328,276,397,271,420,281,424,298,424,287,412,286,399,298,324,299,311,310,264,309,216,305,180,312,149,324,172,355,227,361,249,370,240,363,222,337,165,327,130,318,111,286,98,286,88,289,81,291,73,287,54
train_f_csr4062b.mat.jpg,271,96,260,102,256,119,258,127,261,132,261,143,236,157,223,178,216,204,194,251,188,263,196,270,200,255,228,208,239,188,247,211,240,242,238,286,247,328,248,341,259,403,260,412,250,425,264,423,269,420,268,402,267,344,269,331,272,288,275,329,277,343,276,401,272,419,279,424,294,425,285,414,285,403,296,339,297,329,305,286,303,243,298,212,305,187,317,207,344,253,349,269,357,264,351,249,329,202,320,173,310,158,284,143,283,133,285,126,288,119,285,104
train_f_csr4063b.mat.jpg,271,56,258,63,253,81,255,91,258,96,259,107,231,121,218,144,208,173,184,229,177,243,187,252,192,234,224,181,235,160,238,185,235,219,232,267,241,314,241,329,249,401,249,411,238,424,254,424,261,421,262,400,263,333,267,318,272,272,277,316,281,332,283,399,281,420,290,425,307,424,296,413,296,400,302,326,303,314,311,267,309,220,305,186,310,159,322,181,352,232,358,253,367,245,360,227,336,171,323,139,313,122,285,108,286,97,289,90,291,82,288,64
train_f_csr4064b.mat.jpg,270,54,257,61,252,80,255,89,258,94,259,105,231,120,219,143,209,172,184,228,177,242,186,252,191,233,224,179,234,158,239,184,234,217,233,266,244,313,245,329,254,401,254,411,244,424,260,424,267,422,265,400,267,332,269,317,272,270,275,315,278,331,278,398,274,420,284,424,301,424,289,413,289,399,299,326,300,314,310,267,309,220,305,185,311,157,323,179,353,231,358,253,368,244,362,226,337,170,325,137,315,119,286,106,286,95,289,88,291,81,288,63
train_f_csr4065b.mat.jpg,268,62,255,69,252,88,255,98,258,103,260,114,231,127,221,151,211,180,187,233,180,247,188,256,194,238,226,185,234,164,240,190,237,223,235,269,243,315,244,331,250,401,249,411,239,424,254,424,261,422,260,400,265,335,267,321,272,276,277,319,280,334,284,399,281,421,289,425,306,424,295,413,294,400,300,328,301,316,309,270,307,226,303,191,310,164,321,186,351,235,357,256,366,248,359,231,334,177,325,144,315,127,286,114,286,104,288,97,290,89,285,71
train_f_csr4066b.mat.jpg,268,38,254,46,250,66,254,76,257,81,259,92,227,105,218,131,208,162,179,220,173,235,183,244,189,225,222,169,236,147,240,175,233,208,231,260,243,308,244,325,254,399,253,410,243,423,260,424,267,421,266,398,266,328,269,312,272,263,276,311,279,327,277,397,273,420,284,424,302,424,289,412,289,399,301,322,301,309,311,261,310,211,305,176,312,141,325,167,356,223,362,247,372,237,366,217,337,159,327,124,318,104,287,91,286,81,289,74,291,66,287,47
train_f_csr4067b.mat.jpg,271,69,259,76,254,94,256,103,259,108,260,119,233,134,221,156,212,184,188,236,181,249,190,258,195,241,226,189,236,169,241,194,237,227,235,273,245,318,246,333,255,402,255,412,245,424,260,424,266,421,265,401,267,337,269,322,272,277,275,320,278,335,278,399,274,420,283,424,299,424,288,413,288,400,298,330,299,319,308,274,306,228,302,195,308,167,319,189,350,238,355,258,364,250,356,234,332,181,321,150,312,134,285,119,285,109,288,102,290,94,287,77
train_f_csr4068b.mat.jpg,264,52,252,59,249,79,253,88,256,93,258,103,230,118,218,140,209,169,182,224,175,239,186,249,192,230,225,179,232,162,237,179,232,213,233,264,245,311,247,327,256,399,256,410,246,424,263,423,270,420,269,398,272,330,274,315,271,269,271,313,273,329,276,397,272,418,281,424,298,424,288,412,289,398,298,324,299,312,311,265,312,217,307,181,313,158,320,178,353,229,359,251,370,243,363,223,337,167,326,133,316,116,287,102,287,92,289,85,290,77,284,59
train_f_csr4069b.mat.jpg,271,54,257,63,252,83,255,92,257,98,259,108,232,124,218,145,208,173,183,228,177,243,187,252,194,234,225,183,232,166,236,184,233,218,231,267,242,313,243,329,250,400,250,411,241,424,257,423,264,420,264,399,269,333,271,318,271,274,273,316,276,331,281,398,277,419,287,425,304,424,293,412,295,399,300,326,302,314,312,267,311,221,307,186,312,163,320,183,352,232,357,253,368,245,362,226,336,171,325,139,313,124,286,108,286,98,289,91,291,83,288,64
train_f_csr4070b.mat.jpg,265,83,254,91,253,110,256,119,260,124,261,134,236,150,224,170,215,196,193,244,187,256,194,265,199,248,230,202,238,182,244,204,238,236,236,281,246,324,247,338,253,403,253,412,244,424,257,424,263,422,263,402,269,342,271,328,272,286,274,326,276,341,281,401,278,420,286,425,301,424,291,414,291,402,298,335,298,325,308,281,306,238,300,206,306,181,316,202,346,247,352,265,359,259,353,243,330,195,319,165,309,150,284,135,284,124,286,118,287,110,283,93
train_f_csr4071b.mat.jpg,268,53,255,61,251,80,254,90,258,95,260,106,231,120,219,144,210,173,184,228,177,242,186,251,192,233,224,179,235,157,240,184,235,217,233,266,242,313,241,329,249,401,248,411,238,424,254,425,260,422,260,400,263,333,266,318,273,271,278,316,282,332,284,399,280,421,290,424,307,424,295,413,294,400,302,326,302,314,310,267,307,221,304,186,311,154,323,178,354,231,359,253,368,244,361,226,336,171,326,137,316,118,286,106,285,96,288,89,290,81,285,62
train_f_csr4072b.mat.jpg,269,95,257,101,255,118,257,127,260,132,262,143,236,156,223,177,215,203,193,251,188,263,196,269,200,254,227,207,238,188,243,211,241,242,238,285,249,327,250,341,258,403,258,413,250,425,263,423,269,420,267,402,269,343,270,330,272,289,275,328,276,342,277,401,273,419,280,424,294,425,286,414,286,403,295,338,296,328,306,286,304,243,299,212,306,188,318,208,344,252,349,269,357,263,351,248,330,202,321,172,311,157,285,144,284,133,286,127,288,119,284,103
train_f_csr4073b.mat.jpg,268,45,254,53,251,73,254,83,258,89,259,99,229,113,217,138,209,169,182,225,175,240,184,249,190,230,222,173,235,149,238,179,234,214,232,263,242,311,242,327,249,401,248,411,237,424,254,425,260,422,260,400,262,332,265,316,272,268,278,314,282,330,285,399,281,421,290,425,307,424,296,412,295,400,301,324,301,312,310,263,310,216,305,181,311,150,328,174,356,227,360,250,370,241,363,223,339,166,328,131,317,113,287,100,286,90,289,83,291,74,287,55
train_f_csr4074b.mat.jpg,270,64,257,71,253,90,255,99,258,104,259,114,232,129,220,151,211,180,186,233,179,247,189,256,194,238,227,187,234,168,238,189,235,223,234,270,244,316,245,331,254,401,254,411,245,424,260,424,267,421,266,400,267,334,270,320,272,275,274,318,277,333,278,399,274,420,283,424,300,424,289,413,289,400,298,328,299,317,309,271,308,225,306,191,310,167,320,187,351,236,356,257,366,249,359,230,335,177,323,145,313,130,286,115,286,105,289,98,290,90,287,73
train_f_csr4075b.mat.jpg,270,67,258,74,254,92,256,101,259,106,260,117,234,132,221,154,211,182,187,236,180,249,189,257,194,239,224,187,237,166,242,193,238,225,235,272,242,317,243,332,250,402,249,412,240,424,254,424,260,422,260,401,262,337,264,322,273,276,279,320,282,335,283,400,280,420,289,425,305,424,294,413,293,401,301,330,301,318,309,272,306,227,302,193,308,164,321,187,351,238,356,258,364,250,357,233,334,180,323,148,313,131,285,117,285,107,288,100,290,92,287,75
train_f_csr4076b.mat.jpg,271,101,260,106,256,122,259,130,261,135,262,145,238,161,226,181,217,206,196,253,190,264,197,271,201,256,228,209,240,190,246,214,242,244,239,287,248,328,249,342,259,404,259,413,251,425,263,423,268,420,267,403,267,344,269,331,273,290,275,329,277,343,276,401,272,419,280,424,294,425,284,414,285,403,294,339,295,329,304,288,302,245,298,215,304,189,316,209,343,253,348,270,355,264,349,250,327,204,318,176,309,160,284,146,282,136,285,129,287,122,284,107
train_f_csr4077b.mat.jpg,270,30,254,39,250,60,253,70,256,76,258,86,228,100,216,125,205,156,178,217,171,232,181,243,187,222,222,165,232,143,236,170,231,205,230,257,243,306,245,323,256,399,255,410,245,424,263,424,270,422,269,398,270,327,272,311,272,262,272,308,275,325,275,396,270,420,281,424,300,424,288,412,288,398,299,320,300,307,313,258,312,208,308,171,313,141,324,165,357,220,364,244,374,234,366,214,340,154,327,119,317,101,287,87,288,77,291,69,293,61,290,41
train_f_csr4078b.mat.jpg,270,74,258,80,254,97,257,106,259,111,260,122,234,136,222,158,212,186,188,238,182,251,191,260,195,242,225,191,236,170,241,197,238,229,237,274,245,319,245,334,253,402,252,412,243,424,257,424,263,421,262,401,264,338,267,323,273,279,277,321,280,336,281,400,277,420,286,424,302,424,291,413,291,401,298,331,299,320,307,275,305,230,302,197,308,170,321,191,350,240,354,260,363,253,356,236,334,184,321,153,312,137,285,123,285,112,288,105,289,98,286,81
train_f_csr4079b.mat.jpg,268,88,257,93,254,110,257,118,259,123,261,134,236,151,224,170,216,196,193,244,186,256,194,265,199,248,231,203,238,185,243,203,235,234,234,280,243,323,244,337,252,401,252,411,244,425,257,422,263,420,264,401,268,341,271,328,272,286,273,325,275,340,280,400,277,418,285,425,301,424,291,413,292,401,299,335,300,324,310,281,308,237,302,205,307,183,315,202,346,246,351,265,360,258,353,242,331,192,320,164,309,149,284,134,284,124,286,117,287,110,283,94
train_f_csr4080b.mat.jpg,271,50,256,58,252,78,254,87,257,93,258,103,231,118,218,140,208,170,182,226,175,241,186,251,192,232,225,179,233,159,236,181,232,215,231,264,239,312,240,328,246,401,245,411,234,423,251,425,258,423,259,400,264,333,267,318,272,271,276,315,280,331,285,399,283,421,293,425,311,424,298,413,298,399,304,325,304,312,312,264,311,218,307,182,312,158,321,179,354,229,359,252,370,243,363,224,337,167,324,135,315,118,286,103,287,93,290,86,292,79,289,60
train_f_csr4081b.mat.jpg,269,50,255,59,251,80,254,89,257,95,259,105,232,120,218,141,207,170,183,227,176,242,186,251,192,232,223,179,234,160,237,182,234,216,234,265,244,312,245,328,254,400,254,411,244,425,260,424,267,421,266,399,268,331,270,316,272,271,274,314,277,330,279,396,275,418,284,424,301,424,291,411,290,398,300,325,300,312,309,266,309,220,307,185,313,156,322,178,353,231,358,253,369,244,362,225,337,168,326,135,315,119,286,105,286,95,289,87,291,79,287,60
train_f_csr4082b.mat.jpg,271,57,258,64,253,83,255,92,258,97,259,108,231,123,218,146,209,175,184,230,177,244,187,253,192,234,224,181,234,160,240,186,237,220,233,268,242,314,244,329,251,400,251,411,241,425,256,423,263,421,263,400,265,333,268,318,273,273,276,317,279,332,281,398,277,419,287,424,303,424,292,412,292,399,300,326,301,314,310,268,306,222,303,187,310,158,322,181,352,232,358,253,367,245,361,227,336,174,326,140,315,123,285,109,285,98,288,91,291,84,288,66
train_f_csr4083b.mat.jpg,269,44,255,52,251,73,254,83,257,88,258,99,229,113,215,136,206,165,180,223,173,237,185,248,190,229,224,174,233,153,239,177,231,212,230,263,242,311,244,326,255,400,254,411,243,424,260,424,267,421,267,398,268,329,271,314,271,268,273,313,277,329,279,398,275,420,284,424,302,424,291,412,291,399,301,324,302,312,313,264,312,216,305,180,313,151,322,173,354,227,360,249,371,240,364,220,338,163,329,129,316,112,286,98,286,88,289,81,291,73,287,53
train_f_csr4084b.mat.jpg,269,88,258,94,255,111,258,120,260,125,261,136,235,150,222,171,213,198,192,247,187,259,195,267,198,250,227,203,238,183,245,206,238,237,236,281,243,325,242,339,249,403,249,413,239,425,252,424,258,422,259,403,263,343,266,329,272,287,277,327,280,342,286,401,284,421,291,425,306,424,296,414,296,402,301,336,300,325,308,282,306,239,299,207,306,182,318,203,346,249,351,266,359,260,353,245,332,196,321,167,311,150,284,136,283,126,286,119,287,112,284,96
train_f_csr4085b.mat.jpg,270,84,259,90,255,106,257,115,260,120,261,131,236,146,223,167,214,194,191,244,185,256,193,264,198,247,227,199,238,180,244,202,238,233,236,279,246,322,247,337,255,402,255,412,247,425,260,423,266,421,265,402,267,340,269,326,272,283,275,324,277,339,278,400,274,419,283,424,298,424,288,413,288,401,296,334,297,323,307,280,306,236,301,203,306,177,318,199,347,245,352,264,360,257,354,241,330,192,320,162,311,146,284,131,284,121,286,114,288,107,285,91
train_f_csr4086b.mat.jpg,268,63,255,70,253,89,256,99,259,104,261,115,233,130,220,153,212,181,187,234,180,247,189,256,195,238,227,187,237,165,243,191,235,224,233,271,243,317,243,332,250,402,249,412,239,424,255,425,261,422,261,401,265,337,267,322,273,276,277,320,280,335,283,400,280,421,289,425,305,424,294,414,294,401,302,330,302,318,310,272,309,225,302,192,308,163,319,187,350,237,357,257,365,249,358,232,333,179,323,147,313,130,285,115,284,105,287,98,289,90,285,72
train_f_csr4087b.mat.jpg,265,57,253,66,251,87,254,97,257,102,259,112,231,126,219,147,211,176,186,229,179,244,189,254,194,235,227,186,234,166,238,184,232,218,234,267,247,313,249,328,257,399,256,409,248,423,263,421,270,418,269,397,272,331,274,317,270,272,271,315,273,331,277,397,273,418,281,424,298,424,289,412,288,398,296,326,298,314,310,268,312,222,307,186,311,163,320,184,351,234,357,256,367,247,360,228,334,173,324,141,313,125,286,111,287,101,289,94,290,86,284,67
train_f_csr4088b.mat.jpg,267,49,254,58,251,78,253,88,256,93,259,103,230,117,218,141,209,170,183,226,176,241,186,250,192,231,225,179,234,159,238,181,233,215,232,264,240,311,241,327,249,400,248,410,238,424,254,424,261,421,261,399,265,332,268,316,272,270,275,314,279,330,283,398,280,420,290,425,307,424,296,413,295,399,303,324,303,312,312,265,311,218,307,184,312,158,322,178,354,230,359,252,370,243,363,224,338,167,326,135,316,117,286,103,286,93,289,86,290,78,286,59
train_f_csr4089b.mat.jpg,268,74,257,80,253,98,256,108,259,113,261,124,233,137,221,160,212,188,188,238,182,251,191,260,196,243,227,194,237,172,242,197,237,229,234,275,245,320,246,334,253,402,252,412,243,424,257,424,263,421,263,401,268,338,270,324,273,280,275,322,277,337,282,400,278,420,286,425,302,424,292,413,291,401,298,332,298,320,309,276,309,231,301,198,308,172,319,194,349,241,354,260,363,253,357,236,333,186,322,155,312,138,285,125,284,114,287,107,288,99,284,82
train_f_csr4090b.mat.jpg,271,94,260,100,256,117,258,125,261,130,261,141,236,156,224,176,215,201,194,249,188,261,196,269,200,253,229,206,239,187,244,210,240,241,236,284,243,327,244,340,249,404,248,413,239,425,252,424,258,422,259,404,264,345,267,332,272,290,277,329,280,343,285,402,282,421,290,425,305,424,295,415,295,403,300,338,300,327,307,285,304,242,300,211,306,187,318,206,345,250,349,268,357,262,352,247,330,199,319,170,309,156,284,142,283,131,286,124,288,117,285,102
train_f_csr4091b.mat.jpg,270,66,258,72,254,90,256,100,259,105,260,116,233,131,220,153,210,181,187,234,180,248,189,257,194,239,225,188,236,167,241,191,235,224,234,272,243,317,244,332,252,401,251,412,242,425,257,424,263,421,263,401,267,336,269,321,272,277,274,319,277,335,280,400,277,420,286,425,303,424,292,413,292,400,300,329,301,318,310,272,309,226,302,192,308,166,320,187,351,236,356,257,365,249,358,232,335,179,323,147,312,131,285,117,285,106,288,99,290,92,287,74
train_f_csr4092b.mat.jpg,271,83,259,88,255,106,258,115,261,120,261,131,234,145,223,167,213,194,191,244,185,256,193,264,198,248,227,200,237,178,243,202,237,234,235,279,243,323,244,337,254,403,254,412,244,425,258,424,264,421,264,402,265,341,267,327,272,283,277,325,280,339,279,401,277,420,286,425,301,424,291,414,290,402,301,335,301,324,308,280,306,236,300,203,305,178,318,199,347,245,352,264,361,257,354,241,331,192,320,162,311,146,284,131,284,121,287,114,289,107,286,90
train_f_csr4093b.mat.jpg,267,41,253,50,251,71,254,80,257,86,259,97,230,112,220,136,208,165,182,222,175,236,184,246,190,227,224,172,235,150,239,178,235,212,234,262,244,309,246,326,254,400,253,410,243,423,260,423,267,421,265,398,267,330,269,314,273,266,276,312,279,328,279,397,274,419,284,424,302,424,290,412,289,399,299,323,300,311,310,263,308,215,304,179,310,147,322,171,354,226,361,248,371,239,363,220,337,163,324,130,316,111,286,97,286,87,289,79,291,71,286,52
train_f_csr4094b.mat.jpg,266,47,253,55,251,76,254,85,258,90,259,102,229,115,217,140,208,170,183,226,176,240,186,249,191,230,224,176,235,153,241,181,235,215,233,265,246,312,247,328,257,401,257,411,247,424,263,424,269,422,269,399,269,331,271,316,273,269,273,314,276,330,275,398,271,420,281,424,298,424,287,412,286,399,298,325,299,313,311,266,310,218,303,182,310,151,323,176,354,230,360,251,369,242,362,224,338,168,326,134,316,116,286,102,285,91,288,84,289,76,284,57
train_f_csr4095b.mat.jpg,271,62,257,69,253,88,255,97,258,102,259,113,233,128,220,150,209,178,185,233,178,246,188,255,193,237,224,184,236,164,241,189,236,222,233,269,241,316,241,331,247,402,246,412,236,424,251,425,257,423,258,401,262,336,265,321,272,276,278,319,282,334,286,400,283,421,292,425,309,424,297,413,297,400,302,328,302,316,310,270,307,225,304,190,310,162,323,184,352,235,357,256,366,248,360,230,337,175,323,144,312,128,285,113,285,103,288,96,290,88,287,70
train_f_csr4096b.mat.jpg,263,64,252,72,251,91,255,100,258,106,260,117,231,130,221,154,211,181,187,233,181,246,190,256,195,239,227,187,237,167,241,190,235,223,235,271,246,317,248,332,257,401,257,411,248,424,263,423,269,420,270,399,272,335,274,320,273,277,271,319,274,334,275,398,272,418,281,424,297,424,288,412,288,400,298,329,298,317,309,272,308,226,303,192,310,166,317,188,347,236,355,257,363,250,356,232,333,180,323,148,313,131,286,116,285,106,287,99,288,91,282,73
train_f_csr4097b.mat.jpg,270,44,255,52,251,73,254,82,257,87,259,98,229,113,217,137,209,167,183,223,175,238,184,248,191,228,225,176,233,155,238,179,232,213,231,263,243,310,244,326,253,400,253,410,243,424,259,424,266,421,266,399,269,330,271,315,272,267,272,313,275,329,277,397,274,419,284,424,302,424,290,412,291,398,300,323,301,311,312,263,312,215,306,180,311,153,321,175,355,227,361,250,371,240,363,221,337,164,325,131,315,114,286,98,287,88,290,81,292,73,288,54
train_f_csr4098b.mat.jpg,267,80,256,87,253,105,256,113,259,118,261,129,235,144,223,165,214,192,191,240,185,253,193,262,198,245,230,198,238,179,243,199,236,231,234,278,247,322,249,336,256,401,257,411,249,425,263,422,269,419,268,400,273,339,274,325,271,283,270,323,271,338,277,399,273,418,280,424,296,424,287,413,289,401,295,333,296,322,309,279,309,233,302,201,307,178,316,198,347,244,353,263,361,256,355,239,331,189,320,160,310,144,284,129,284,119,286,112,288,105,283,88
train_f_csr4099b.mat.jpg,272,47,257,55,252,75,255,85,257,90,259,101,230,116,217,139,208,168,183,225,175,240,185,249,191,231,224,177,232,157,237,181,233,215,231,263,240,311,241,327,248,401,248,411,237,423,254,425,261,423,261,400,265,332,268,317,272,270,275,314,279,330,282,398,279,421,290,425,307,424,295,413,295,399,302,324,303,312,312,264,310,217,306,182,311,156,321,177,354,228,360,251,370,241,362,222,337,166,325,133,315,116,286,101,287,91,290,84,292,76,290,57
train_f_csr4100b.mat.jpg,270,68,257,75,253,95,256,104,259,109,261,121,233,136,221,158,212,185,188,236,182,250,190,258,196,241,227,192,237,172,242,194,235,227,232,275,246,319,247,334,257,402,257,412,248,425,263,424,270,421,270,401,272,337,274,323,272,279,270,321,272,336,276,399,272,420,280,424,296,424,288,413,288,401,297,331,298,320,311,276,309,229,303,196,307,172,319,192,349,239,355,258,364,251,358,234,333,183,322,152,311,136,284,121,284,110,287,103,289,96,285,77
